video_url,user_url,username,title,view_num,created_at,shortdesc,collected_at
/watch?v=3JWTaaS7LdU&pp=ygUHSG91c3Rvbg%3D%3D,/channel/UC7fzrpTArAqDHuB3Hbmd_CQ,Whitney Houston,Whitney Houston - I Will Always Love You (Official 4K Video),"1,5¬†mld. weergaven",13 jaar geleden,"Ask your voice device to play Whitney Houston! Lyrics: And I will always love you I will always love you You My darling, you¬†...",2024-01-28 11:08:12.048258
/watch?v=nBH6FwbOgPs&pp=ygUHSG91c3Rvbg%3D%3D,/@realcoolvision,CoolVision,"Houston USA. Largest City in Texas. Sights, People and Economy","1,1¬†mln. weergaven",1 jaar geleden,Houston is the largest city in Texas. Houston metro area is the 6th largest in the US. In this video we'll take a look at what Houston¬†...,2024-01-28 11:08:12.056814
/watch?v=Xx5qxIwKXQ0&pp=ygUHSG91c3Rvbg%3D%3D,/@lovesong0000, Musique Fran√ßaise,"Celine Dion, Whitney Houston, Mariah Carey,  Greatest Hits playlist - Best Songs of World Divas 2023","1,6¬†mln. weergaven",7 maanden geleden,"Celine Dion, Whitney Houston, Mariah Carey, Greatest Hits playlist - Best Songs of World Divas 2023.",2024-01-28 11:08:12.067370
/watch?v=TH6eaRAs5BE&pp=ygUHSG91c3Rvbg%3D%3D,/channel/UCNh17UF89klPDEQvyYr88Zg,58G,58G - Houston feat. Yzomandias,441K weergaven,1 jaar geleden,Re≈æie & St≈ôih / Direction & Cut Andreas Gold Kamera / Camera @shoot.by.nc @Andreas_Gold @dominikzeli Podƒõkov√°n√≠¬†...,2024-01-28 11:08:12.077925
/watch?v=i6DcCd3g_jY&pp=ygUHSG91c3Rvbg%3D%3D,/@NostalgieFrancaise,Nostalgie Fran√ßaise,Whitney Houston Greatest Hits Full Album | Whitney Houston Best Song Ever All Time,"2,8¬†mln. weergaven",9 maanden geleden,"Whitney Houston Greatest Hits Full Album | Whitney Houston Best Song Ever All Time Celine Dion, Mariah Carey, Whitney¬†...",2024-01-28 11:08:12.080321
/watch?v=IdclkOJqaRw&pp=ygUHSG91c3Rvbg%3D%3D,/@HoustonVEVO,HoustonVEVO,"Houston Featuring Chingy, Nate Dogg & I-20 - I Like That",15¬†mln. weergaven,15 jaar geleden,"Music video by Houston Featuring Chingy, Nate Dogg & I-20 performing I Like That.",2024-01-28 11:08:20.382593
/watch?v=Gkjz5h0PICc&pp=ygUHSG91c3Rvbg%3D%3D,/@fox26houston,FOX 26 Houston,"Houston man shot, killed trying to rob someone at gas station",134K weergaven,11 uur geleden,A man was shot and killed while trying to rob someone at a gas station in northwest Houston and a bystander who witnessed the¬†...,2024-01-28 11:08:20.389524
/watch?v=u-7K_kDAYrI&pp=ygUHSG91c3Rvbg%3D%3D,/@HooperHighlights00,Hooper Highlights,Brooklyn Nets vs Houston Rockets Full Game Highlights | Jan 27 | 2024 NBA Season,10K weergaven,8 uur geleden,LUNAR NEW YEAR SALE - UP TO 90% OFF ON NBA JERSEYS‚óá https://hoopersparadise.store ‚óáVote for Player of the Game‚óá¬†...,2024-01-28 11:08:20.396507
/watch?v=FxYw0XPEoKE&pp=ygUHSG91c3Rvbg%3D%3D,/channel/UC7fzrpTArAqDHuB3Hbmd_CQ,Whitney Houston,Whitney Houston - I Have Nothing (Official HD Video),807¬†mln. weergaven,14 jaar geleden,Ask your voice device to play Whitney Houston! Lyrics: But don't make me close one more door I don't wanna hurt anymore Stay¬†...,2024-01-28 11:08:20.403607
/watch?v=ZB1STxdP0nk&pp=ygUHSG91c3Rvbg%3D%3D,/@ThroughMyLens,Through My Lens,24 Hours in Houston: The Ultimate Guide to a Day of Non-Stop Adventure in Texas,98K weergaven,7 maanden geleden,"Houston, Texas is the 4th largest city in the United States and it is home to countless fun adventures. In this video, we'll take you¬†...",2024-01-28 11:08:20.410153
/watch?v=IYzlVDlE72w&pp=ygUHSG91c3Rvbg%3D%3D,/channel/UC7fzrpTArAqDHuB3Hbmd_CQ,Whitney Houston,Whitney Houston - Greatest Love Of All (Official 4K Video),308¬†mln. weergaven,13 jaar geleden,Ask your voice device to play Whitney Houston! Lyrics: Because the greatest love of all Is happening to me I found the greatest¬†...,2024-01-28 11:08:20.421781
/watch?v=6J538b-OLRU&pp=ygUHSG91c3Rvbg%3D%3D,/channel/UC7fzrpTArAqDHuB3Hbmd_CQ,Whitney Houston,Whitney Houston - It's Not Right But It's Okay (Official HD Video),114¬†mln. weergaven,14 jaar geleden,"Ask your voice device to play Whitney Houston! Lyrics: It's not right, but it's okay I'm gonna make it anyway Pack your bags, up and¬†...",2024-01-28 11:08:20.423900
/watch?v=zsfj9j0kjoU&pp=ygUHSG91c3Rvbg%3D%3D,/channel/UC7fzrpTArAqDHuB3Hbmd_CQ,Whitney Houston,Whitney Houston with Enrique Iglesias - Could I Have This Kiss Forever (Official HD Video),170¬†mln. weergaven,9 jaar geleden,Ask your voice device to play Whitney Houston! Lyrics: Could I hold you for a lifetime? Could I look into your eyes? Could I have¬†...,2024-01-28 11:08:20.435551
/watch?v=ynkaGd_zGwE&pp=ygUHSG91c3Rvbg%3D%3D,/@lovewhitneyhouston22,Love Whitney Houston,Whitney Houston - I Wanna Dance With Somebody (Official Music Video),"5,1¬†mln. weergaven",5 jaar geleden,"Official Music Video *i dont own anything in this video, All Rights Goes To Sony And Arista Records*",2024-01-28 11:08:20.437240
/watch?v=eH3giaIzONA&pp=ygUHSG91c3Rvbg%3D%3D,/channel/UC7fzrpTArAqDHuB3Hbmd_CQ,Whitney Houston,Whitney Houston - I Wanna Dance With Somebody (Official 4K Video),435¬†mln. weergaven,14 jaar geleden,"Ask your voice device to play Whitney Houston! Lyrics: Oh, I wanna dance with somebody I wanna feel the heat with somebody¬†...",2024-01-28 11:08:20.444566
/watch?v=7L9EMe-7Z4w&pp=ygUHSG91c3Rvbg%3D%3D,/@MinhaColecaoDeDVDs,Minha Cole√ß√£o De DVDs,"Whitney Houston - One Moment In Time - (Live at Grammy, 1989)",22¬†mln. weergaven,3 jaar geleden,Curta agora essa performances inesquec√≠vel de Whitney Houston em 1989 --------------------------------------------------- Conhe√ßa¬†...,2024-01-28 11:08:20.446487
/watch?v=5Pze_mdbOK8&pp=ygUHSG91c3Rvbg%3D%3D,/channel/UC7fzrpTArAqDHuB3Hbmd_CQ,Whitney Houston,Whitney Houston - I Look to You (Official HD Video),263¬†mln. weergaven,14 jaar geleden,"Ask your voice device to play Whitney Houston! Lyrics: I look to you I look to you After all my strength is gone In you, I can be¬†...",2024-01-28 11:08:20.457584
/watch?v=m3-hY-hlhBg&pp=ygUHSG91c3Rvbg%3D%3D,/channel/UC7fzrpTArAqDHuB3Hbmd_CQ,Whitney Houston,Whitney Houston - How Will I Know (Official HD Video),143¬†mln. weergaven,14 jaar geleden,Ask your voice device to play Whitney Houston! Lyrics: How will I know if he really loves me? I say a prayer with every heartbeat I¬†...,2024-01-28 11:08:20.464584
/watch?v=cMdj-8zQRlM&pp=ygUHSG91c3Rvbg%3D%3D,/@HooperHighlights00,Hooper Highlights,Houston Rockets vs Utah Jazz Full Game Highlights | Jan 20 | 2024 NBA Season,52K weergaven,7 dagen geleden,DISCLAIMER!! WE ARE NOT AFFILIATED WITH THE BUSINESSES WE PROMOTED IN ANY WAY!! ALL CLIPS ARE PROPERTY¬†...,2024-01-28 11:08:20.471343
/watch?v=LKaXY4IdZ40&pp=ygUHSG91c3Rvbg%3D%3D,/channel/UC7fzrpTArAqDHuB3Hbmd_CQ,Whitney Houston,"Whitney Houston, Mariah Carey - When You Believe (Official HD Video)",477¬†mln. weergaven,9 jaar geleden,"Ask your voice device to play Whitney Houston! Lyrics: There can be miracles when you believe Though hope is frail, it's hard to¬†...",2024-01-28 11:08:30.523377
/watch?v=0fMTaNYYvwE&pp=ygUHSG91c3Rvbg%3D%3D,/@CityNerd,CityNerd,You're Wrong About Houston and Here's Why,412K weergaven,3 maanden geleden,"---------- Houston gets a pretty bad rap for bad walkability, bad bikability, poor transit, and car dependence. Is this fair, though?",2024-01-28 11:08:30.526521
/watch?v=L1sjRXvTq7Q&pp=ygUHSG91c3Rvbg%3D%3D,/@devikuduthi9967,Pop Tunes,Whitney Houston Greatest Hits Full Album 2023 ‚Äì Whitney Houston Best Song Ever All Time,436K weergaven,7 maanden geleden,Whitney Houston Greatest Hits Full Album 2023 ‚Äì Whitney Houston Best Song Ever All Time ‚ñª Subscribe for More: ‚ñΩ Follow My¬†...,2024-01-28 11:08:30.535449
/watch?v=h9rCobRl-ng&pp=ygUHSG91c3Rvbg%3D%3D,/channel/UC7fzrpTArAqDHuB3Hbmd_CQ,Whitney Houston,Whitney Houston - Run To You (Official HD Video),226¬†mln. weergaven,14 jaar geleden,Ask your voice device to play Whitney Houston! Lyrics: I wanna run to you I wanna run to you Won't you hold me in your arms And¬†...,2024-01-28 11:08:30.538967
/watch?v=uxykI30fS54&pp=ygUHSG91c3Rvbg%3D%3D,/@NotJustBikes,Not Just Bikes,Why City Design is Important (and why I hate Houston),"6,2¬†mln. weergaven",2 jaar geleden,"I'm not an urban planner, so you might ask, why do I run a YouTube channel about urban planning and walkable cities?",2024-01-28 11:08:30.552251
/watch?v=fpo_qQ_D_90&pp=ygUHSG91c3Rvbg%3D%3D,/@KHOU,KHOU 11,"Surveillance video shows bystander who shot, killed robber at Houston gas station",14K weergaven,10 uur geleden,The suspected robber reportedly pistol-whipped a man who was pumping gas before he was shot to death by a bystander who¬†...,2024-01-28 11:08:30.557516
/watch?v=qr3SFTPYgis&pp=ygUHSG91c3Rvbg%3D%3D,/@HooperHighlights00,Hooper Highlights,Charlotte Hornets vs Houston Rockets Full Game Highlights | Jan 26 | 2024 NBA Season,24K weergaven,1 dag geleden,DISCLAIMER!! WE ARE NOT AFFILIATED WITH THE BUSINESSES WE PROMOTED IN ANY WAY!! ALL CLIPS ARE PROPERTY¬†...,2024-01-28 11:08:30.565107
/watch?v=_i5NRasmtdg&pp=ygUHSG91c3Rvbg%3D%3D,/@NBA,NBA,"Alperen Sengun TIES CAREER-HIGH 37 PTS In Rockets W! üî•| January 20, 2024",72K weergaven,7 dagen geleden,"Never miss a moment with the latest news, trending stories and highlights to bring you closer to your favorite players and teams.",2024-01-28 11:08:30.568097
/watch?v=Ne5UBzWrsow&pp=ygUHSG91c3Rvbg%3D%3D,/@espn,ESPN,Houston Cougars vs. Iowa State Cyclones | Full Game Highlights,40K weergaven,2 weken geleden,Check out these highlights as the Iowa State Cyclones upset the No. 2 Houston Cougars and hand them their first loss of the¬†...,2024-01-28 11:08:30.583575
/watch?v=-b1vd-jTXbM&pp=ygUHSG91c3Rvbg%3D%3D,/@WorldAccordingToBriggs,World According To Briggs,"The Mass Exodus: Why Houston, Texas is Losing Residents.",1¬†mln. weergaven,9 maanden geleden,"The Mass Exodus: Why Houston, Texas is Losing Residents. Are you curious about why so many people are packing up and¬†...",2024-01-28 11:08:30.586978
/watch?v=M6V2UTFaB2I&pp=ygUHSG91c3Rvbg%3D%3D,/@DestinationWonders,Destination Wonders,"Top 10 Best Places to VISIT and Things To Do in HOUSTON, Texas | Destination Travel Guide",34K weergaven,1 jaar geleden,"Let's review the top 10 best places to visit and things to do in Houston, Texas. Houston is one of the most popular tourist¬†...",2024-01-28 11:08:30.591616
/watch?v=DAdTH5Kz6T0&pp=ygUHSG91c3Rvbg%3D%3D,/channel/UCOSIXyYdT93OzpRnAuWaKjQ,Luke Combs,"Luke Combs - Houston, We Got a Problem",77¬†mln. weergaven,5 jaar geleden,"Listen to ‚ÄúHouston, We Got A Problem‚Äù now on Luke Combs' deluxe album, 'This One's For You Too': Spotify:¬†...",2024-01-28 11:08:30.602822
/watch?v=NSsVegtq9pk&pp=ygUHSG91c3Rvbg%3D%3D,/@fox26houston,FOX 26 Houston,Harding Street Raid: Houston protesters demand justice for deadly 2019 botched raid,970 weergaven,7 uur geleden,We begin with the 5-year anniversary of a botched Houston police-raid which killed two homeowners dead and the officer¬†...,2024-01-28 11:08:30.605934
/watch?v=NyzTQOBAzI4&pp=ygUHSG91c3Rvbg%3D%3D,/channel/UC7fzrpTArAqDHuB3Hbmd_CQ,Whitney Houston,"Whitney Houston - Medley: I Loves You, Porgy / And I Am Telling You I'm Not Going / I Have Nothing","4,4¬†mln. weergaven",1 jaar geleden,Live from the 21st annual American Music Awards. Watch the full performance now! Follow & Celebrate Whitney's Legacy: Store:¬†...,2024-01-28 11:08:30.617275
/watch?v=mxe8fMvYGv8&pp=ygUHSG91c3Rvbg%3D%3D,/@LuisMihajlow1,Luis Mihajlow 1,Whitney Houston - I Will Always Love You | Subtitulada Espa√±ol - Lyrics English,"5,1¬†mln. weergaven",3 jaar geleden,No Copyright Infringement Intended Mi instagram @luismihajlow .. https://www.instagram.com/luismihajlow.,2024-01-28 11:08:30.620083
/watch?v=3WH1Ma50QUk&pp=ygUHSG91c3Rvbg%3D%3D,/channel/UC7fzrpTArAqDHuB3Hbmd_CQ,Whitney Houston,Whitney Houston - All The Man That I Need (Official HD Video),84¬†mln. weergaven,14 jaar geleden,Ask your voice device to play Whitney Houston! Lyrics: He fills me up He gives me love More love than I've ever seen He's all I've¬†...,2024-01-28 11:08:30.624234
/watch?v=xmIp8j2cjDQ&pp=ygUHSG91c3Rvbg%3D%3D,/channel/UC7fzrpTArAqDHuB3Hbmd_CQ,Whitney Houston,"Whitney Houston - All The Man That I Need (Live at HBO's Welcome Home Heroes, 1991)",22¬†mln. weergaven,9 jaar geleden,Ask your voice device to play Whitney Houston! Lyrics: He fills me up He gives me love More love than I've ever seen He's all I've¬†...,2024-01-28 11:08:30.634406
/watch?v=sWa5vE4MUpU&pp=ygUHSG91c3Rvbg%3D%3D,/channel/UC7fzrpTArAqDHuB3Hbmd_CQ,Whitney Houston,Whitney Houston - Step By Step (Official HD Video),55¬†mln. weergaven,14 jaar geleden,"Ask your voice device to play Whitney Houston! Lyrics: Step By Step, Bit by Bit Stone By Stone (Yeah), Brick by Brick (Oh, yeah)¬†...",2024-01-28 11:08:30.637532
/watch?v=ardglr9MVVQ&pp=ygUHSG91c3Rvbg%3D%3D,/@MusicalDocs,GuitarDocs,Whitney Houston - I Will Always Love You LIVE 1999 Best Quality,128¬†mln. weergaven,8 jaar geleden,Whitney Houston - I Will Always Love You LIVE 1999 Best Quality.,2024-01-28 11:08:38.586659
/watch?v=P4Kk60jUn9Y&pp=ygUHSG91c3Rvbg%3D%3D,/@FreeDawkins,FreeDawkins,"Golden State Warriors vs Houston Rockets Full Game Highlights | October 29, 2023 | FreeDawkins","1,8¬†mln. weergaven",2 maanden geleden,"DISCLAIMER - All clips property of the NBA. No copyright infringement is intended, all videos are edited to follow the ""Free Use""¬†...",2024-01-28 11:08:38.589386
/watch?v=EozovLUYPeI&pp=ygUHSG91c3Rvbg%3D%3D,/@HooperHighlights00,Hooper Highlights,Boston Celtics vs Houston Rockets Full Game Highlights | Jan 21 | 2024 NBA Season,119K weergaven,6 dagen geleden,DISCLAIMER!! WE ARE NOT AFFILIATED WITH THE BUSINESSES WE PROMOTED IN ANY WAY!! ALL CLIPS ARE PROPERTY¬†...,2024-01-28 11:08:38.594761
/watch?v=ur0XuL_QjwU&pp=ygUHSG91c3Rvbg%3D%3D,/channel/UCARwY1BvXAZ4glJy2hqmZtA,HUESTON,Hueston - Joy Ride (OFFICIAL MUSIC VIDEO),342K weergaven,1 jaar geleden,(OFFICIAL MUSIC VIDEO) FOR Hueston's [VIRAL SONG] Joy Ride!,2024-01-28 11:08:38.596672
/watch?v=gPIOPLBa2rg&pp=ygUHSG91c3Rvbg%3D%3D,/@KHOU,KHOU 11,"Bystander shoots robbery suspect to death outside north Houston gas station, police say",88K weergaven,20 uur geleden,Police said the suspect hit one of the victims with a gun before demanding his wallet.,2024-01-28 11:08:38.598409
/watch?v=8UUCVU9KNkg&pp=ygUHSG91c3Rvbg%3D%3D,/@FreeDawkins,FreeDawkins,"Los Angeles Lakers vs Houston Rockets Full Game Highlights | Nov 19, 2023 | FreeDawkins",1¬†mln. weergaven,2 maanden geleden,"DISCLAIMER - All clips property of the NBA. No copyright infringement is intended, all videos are edited to follow the ""Free Use""¬†...",2024-01-28 11:08:38.599714
/watch?v=p9jWxwpXMPM&pp=ygUHSG91c3Rvbg%3D%3D,/@Expedia,Expedia,Houston Vacation Travel Guide | Expedia,981K weergaven,10 jaar geleden,"Houston ‚Äì This Texan town is one of the largest cities in the United States. Before you visit, find out the best places to check out in¬†...",2024-01-28 11:08:38.601578
/watch?v=vmqBllKfVdA&pp=ygUHSG91c3Rvbg%3D%3D,/@americanfootballhighlights,American Football Highlights,"Houston Texans vs. Baltimore Ravens HIGHLIGHTs 1ST-QTR | AFC Divisional Playoffs - January 20, 2024",75K weergaven,7 dagen geleden,"Houston Texans vs. Baltimore Ravens HIGHLIGHTs 1ST-QTR | AFC Divisional Playoffs - January 20, 2024.",2024-01-28 11:08:38.602905
/watch?v=ZAdi3LIW898&pp=ygUHSG91c3Rvbg%3D%3D,/channel/UC7fzrpTArAqDHuB3Hbmd_CQ,Whitney Houston,Whitney Houston - Miracle (Official HD Video),42¬†mln. weergaven,14 jaar geleden,Ask your voice device to play Whitney Houston! Lyrics: Nothing should matter Not when love grows inside you The choice is yours¬†...,2024-01-28 11:08:38.606155
/watch?v=yJotwMWmvrE&pp=ygUHSG91c3Rvbg%3D%3D,/@ArmsFamilyHomestead,Arms Family Homestead,Houston's Pond Got Smashed!,193K weergaven,8 maanden geleden,"Arms Family Homestead PO Box 167 Sulphur, Ok 73086 Join this channel to get access to perks:¬†...",2024-01-28 11:08:38.608696
/watch?v=bMykBLbbD9s&pp=ygUHSG91c3Rvbg%3D%3D,/@NFL,NFL,Tampa Bay Buccaneers vs. Houston Texans Game Highlights | NFL 2023 Week 9,"1,3¬†mln. weergaven",2 maanden geleden,#NFL #Football #AmericanFootball.,2024-01-28 11:08:38.611455
/watch?v=0d-ti138Pqc&pp=ygUHSG91c3Rvbg%3D%3D,/@NBA,NBA,"WILD OT ENDING Jazz vs Rockets | January 20, 2024",66K weergaven,7 dagen geleden,"The Houston Rockets defeated the Utah Jazz, 127-126, in overtime. Alperen Sengun recorded a career-high tying 37 points,¬†...",2024-01-28 11:08:38.616531
/watch?v=96aAx0kxVSA&pp=ygUHSG91c3Rvbg%3D%3D,/channel/UC7fzrpTArAqDHuB3Hbmd_CQ,Whitney Houston,Whitney Houston - One Moment In Time (Official HD Video),44¬†mln. weergaven,13 jaar geleden,Ask your voice device to play Whitney Houston! Lyrics: I want one moment in time When I'm more than I thought I could be When¬†...,2024-01-28 11:08:38.619608
/watch?v=6aAHVEIvsXU&pp=ygUHSG91c3Rvbg%3D%3D,/@trannhatphongofficial,Tran Nhat Phong Official,HOUSTON P1 22/1/2024,30K weergaven,5 dagen geleden,Tr·∫ßn nh·∫≠ Phong m·∫øn Ch√†o t·∫•t c·∫£ kh√°n th√≠nh gi·∫£ ·ªü kh·∫Øp n∆°i trong ch∆∞∆°ng tr√¨nh Houston nh·∫≠t k·∫øn ng√†y h√¥m nay ƒë∆∞·ª£c ph√°t h√¨nh¬†...,2024-01-28 11:08:38.622702
/watch?v=mQ0LRWjffzI&pp=ygUHSG91c3Rvbg%3D%3D,/@NFL,NFL,Houston Texans vs. Tennessee Titans | 2023 Week 15 Game Highlights,566K weergaven,1 maand geleden,#NFL #Football #AmericanFootball.,2024-01-28 11:08:38.625659
/watch?v=NVIpECtQfNM&pp=ygUHSG91c3Rvbg%3D%3D,/@YoungPilgrimMusic,Young Pilgrim Music,Whitney Houston - One Moment In Time (Lyrics),"7,3¬†mln. weergaven",3 jaar geleden,Support The Channel - https://www.buymeacoffee.com/YoungPilgrim.,2024-01-28 11:08:38.628337
/watch?v=qR3ZA2Qdx84&pp=ygUHSG91c3Rvbg%3D%3D,/@GlyphoricVibes,GlyphoricVibes,Whitney Houston - I Have Nothing [Lyrics],12¬†mln. weergaven,3 jaar geleden,"Whitney Houston - I Have Nothing [Lyrics] Lyrics Video for ""I Have Nothing"" by Whitney Houston Watch the official music video for¬†...",2024-01-28 11:08:38.631234
/watch?v=8hHIewTxvGA&pp=ygUHSG91c3Rvbg%3D%3D,/@HooperHighlights00,Hooper Highlights,New York Knicks vs Houston Rockets Full Game Highlights | Jan 17 | 2024 NBA Season,38K weergaven,10 dagen geleden,DISCLAIMER!! WE ARE NOT AFFILIATED WITH THE BUSINESSES WE PROMOTED IN ANY WAY!! ALL CLIPS ARE PROPERTY¬†...,2024-01-28 11:08:38.634048
/watch?v=wa3tfVjGCQ8&pp=ygUHSG91c3Rvbg%3D%3D,/channel/UC7fzrpTArAqDHuB3Hbmd_CQ,Whitney Houston,Whitney Houston - Where Do Broken Hearts Go (Official Video),65¬†mln. weergaven,11 jaar geleden,Ask your voice device to play Whitney Houston! Lyrics: Where do broken hearts go? Can they find their way home Back to the¬†...,2024-01-28 11:08:38.636958
/watch?v=WthFKNSG4Us&pp=ygUHSG91c3Rvbg%3D%3D,/@HooperHighlights00,Hooper Highlights,Boston Celtics vs Houston Rockets Full Game Highlights | Jan 13 | 2024 NBA Season,118K weergaven,2 weken geleden,DISCLAIMER!! WE ARE NOT AFFILIATED WITH THE BUSINESSES WE PROMOTED IN ANY WAY!! ALL CLIPS ARE PROPERTY¬†...,2024-01-28 11:08:51.256327
/watch?v=ewxmv2tyeRs&pp=ygUHSG91c3Rvbg%3D%3D,/channel/UC7fzrpTArAqDHuB3Hbmd_CQ,Whitney Houston,Whitney Houston - Saving All My Love For You (Official HD Video),79¬†mln. weergaven,13 jaar geleden,"Ask your voice device to play Whitney Houston! Lyrics: A few stolen moments, is all that we shared You've got your family, and¬†...",2024-01-28 11:08:51.259410
/watch?v=wrTuV4Szxzo&pp=ygUHSG91c3Rvbg%3D%3D,/channel/UC7fzrpTArAqDHuB3Hbmd_CQ,Whitney Houston,Whitney Houston - Exhale (Shoop Shoop) (Official HD Video),47¬†mln. weergaven,14 jaar geleden,"Ask your voice device to play Whitney Houston! Lyrics: Shoop, Shoop, Shoop Shoo Be Doop Shoop Shoop (yeah) Shoo Be Doop¬†...",2024-01-28 11:08:51.262574
/watch?v=CmrT3s0Iw8k&pp=ygUHSG91c3Rvbg%3D%3D,/@KayaxTV,KayaxTV,KARA≈ö/ROGUCKI feat. Ofelia - Houston (Official Video),85K weergaven,1 maand geleden,"""Houston"", to nowy utw√≥r od KARA≈ö/ROGUCKI z go≈õcinnym udzia≈Çem Ofelii. Duet zapowiada trzeci, ostatni album i zamyka tym¬†...",2024-01-28 11:08:51.265578
/watch?v=AppDR8-lKqg&pp=ygUHSG91c3Rvbg%3D%3D,/@HooperHighlights00,Hooper Highlights,Miami Heat vs Houston Rockets Full Game Highlights | Jan 8 | 2024 NBA Season,68K weergaven,2 weken geleden,DISCLAIMER!! WE ARE NOT AFFILIATED WITH THE BUSINESSES WE PROMOTED IN ANY WAY!! ALL CLIPS ARE PROPERTY¬†...,2024-01-28 11:08:51.268332
/watch?v=NggsWTch8JM&pp=ygUHSG91c3Rvbg%3D%3D,/@HooperHighlights00,Hooper Highlights,INTENSE ENDING!! Final Minutes of Houston Rockets vs Utah Jazz | 2024¬†NBA¬†Season,11K weergaven,7 dagen geleden,DISCLAIMER!! WE ARE NOT AFFILIATED WITH THE BUSINESSES WE PROMOTED IN ANY WAY!! ALL CLIPS ARE PROPERTY¬†...,2024-01-28 11:08:51.271381
/watch?v=ae2iX6vZCoM&pp=ygUHSG91c3Rvbg%3D%3D,/channel/UC7fzrpTArAqDHuB3Hbmd_CQ,Whitney Houston,"Whitney Houston, CeCe Winans - Count On Me (Official HD Video)",38¬†mln. weergaven,10 jaar geleden,Ask your voice device to play Whitney Houston! Lyrics: Count on me through thick and thin A friendship that will never end When¬†...,2024-01-28 11:08:51.274291
/watch?v=YFVnVuTcz9I&pp=ygUHSG91c3Rvbg%3D%3D,/channel/UC7fzrpTArAqDHuB3Hbmd_CQ,Whitney Houston,Whitney Houston - I Learned From The Best (Official HD Video),29¬†mln. weergaven,14 jaar geleden,Ask your voice device to play Whitney Houston! Lyrics: And so you know the way it feels to cry The way that I cried when you broke¬†...,2024-01-28 11:08:51.277272
/watch?v=kxZD0VQvfqU&pp=ygUHSG91c3Rvbg%3D%3D,/channel/UC7fzrpTArAqDHuB3Hbmd_CQ,Whitney Houston,Whitney Houston - My Love Is Your Love (Official HD Video),98¬†mln. weergaven,14 jaar geleden,Ask your voice device to play Whitney Houston! Lyrics: 'Cause your love is my love And my love is your love It would take an¬†...,2024-01-28 11:08:51.280384
/watch?v=2WzFW8To2Q4&pp=ygUHSG91c3Rvbg%3D%3D,/@CarolineHeiss,CarolineHeiss,Houston feat. Chingy - I Like That,"1,6¬†mln. weergaven",15 jaar geleden,Houston & Chingy Music-Video by Caroline Heiss.,2024-01-28 11:08:51.283108
/watch?v=0YjSHbA6HQQ&pp=ygUHSG91c3Rvbg%3D%3D,/channel/UC7fzrpTArAqDHuB3Hbmd_CQ,Whitney Houston,Whitney Houston - So Emotional (Official Video),26¬†mln. weergaven,14 jaar geleden,"Ask your voice device to play Whitney Houston! Lyrics: I get so emotional, baby Every time I think of you I get so emotional, baby¬†...",2024-01-28 11:08:51.287599
/watch?v=Pl1qeaXm56o&pp=ygUHSG91c3Rvbg%3D%3D,/@HDFilmTributes,HD Film Tributes,The Bodyguard ‚Ä¢ I Have Nothing ‚Ä¢ Whitney Houston,14¬†mln. weergaven,3 jaar geleden,"Soundtrack from the 1992, Mick Jackson film, ""The Bodyguard,"" with Kevin Costner, Whitney Houston, Gary Kemp, Bill Cobbs,¬†...",2024-01-28 11:08:51.290485
/watch?v=d-9SgldS3J8&pp=ygUHSG91c3Rvbg%3D%3D,/@NFL,NFL,Arizona Cardinals vs. Houston Texans | 2023 Week 11 Game Highlights,780K weergaven,2 maanden geleden,#NFL #Football #AmericanFootball.,2024-01-28 11:08:51.293395
/watch?v=dU-D4u9WIh8&pp=ygUHSG91c3Rvbg%3D%3D,/channel/UCdh82RBe-EGsKS-BC47wseg,Paul Wall,"""Houston"" Video Slim Thug ft Paul Wall + ZRO Dir. by MICHAEL ARTIS","2,2¬†mln. weergaven",12 jaar geleden,"Official video from Slim Thug, Paul Wall and ZRO directed by Michael Artis. Showing support to Houston Texans! Playoffs here we¬†...",2024-01-28 11:08:51.296558
/watch?v=JR49dyo-y0E&pp=ygUHSG91c3Rvbg%3D%3D,/channel/UCCFJeI-2sT_cWgz-QJRgbCw,Kygo,Kygo & Whitney Houston - Higher Love (Official Video),182¬†mln. weergaven,4 jaar geleden,#Kygo #WhitneyHouston #HigherLove.,2024-01-28 11:08:51.299356
/watch?v=WoTbfHuTMlg&pp=ygUHSG91c3Rvbg%3D%3D,/@HooperHighlights00,Hooper Highlights,Indiana Pacers vs Houston Rockets Full Game Highlights | Dec 26 | 2024 NBA Season,45K weergaven,1 maand geleden,DISCLAIMER!! WE ARE NOT AFFILIATED WITH THE BUSINESSES WE PROMOTED IN ANY WAY!! ALL CLIPS ARE PROPERTY¬†...,2024-01-28 11:08:51.302101
/watch?v=cqGHtoJiNLA&pp=ygUHSG91c3Rvbg%3D%3D,/@FreeDawkins,FreeDawkins,"Golden State Warriors vs Houston Rockets Full Game Highlights | Nov 20, 2023 | FreeDawkins","1,5¬†mln. weergaven",2 maanden geleden,"DISCLAIMER - All clips property of the NBA. No copyright infringement is intended, all videos are edited to follow the ""Free Use""¬†...",2024-01-28 11:08:51.304979
/watch?v=nRnJ-cPYlmI&pp=ygUHSG91c3Rvbg%3D%3D,/@donalegendas,Dona Legendas,Whitney Houston - I Will Always Love You (Tradu√ß√£o/Legendado),"3,1¬†mln. weergaven",3 jaar geleden,"Wikip√©dia : A vers√£o de Parton de ""I Will Always Love You"" foi um sucesso comercial. Ele alcan√ßou o n√∫mero um na parada¬†...",2024-01-28 11:08:51.307855
